<?xml version="1.0" encoding="UTF-8"?>
<project-private xmlns="http://www.netbeans.org/ns/project-private/1">
    <editor-bookmarks xmlns="http://www.netbeans.org/ns/editor-bookmarks/2" lastBookmarkId="0"/>
    <open-files xmlns="http://www.netbeans.org/ns/projectui-open-files/2">
        <group>
            <file>file:/home/harshit/Downloads/20160130_FileEncoderApplication.v1.1/_source/FileEncoderApplication/src/com/hotmail/frojasg1/applications/fileencoderapplication/utils/Utils.java</file>
            <file>file:/home/harshit/Downloads/20160130_FileEncoderApplication.v1.1/_source/FileEncoderApplication/src/com/hotmail/frojasg1/applications/fileencoderapplication/configuration/StringsConfiguration.java</file>
            <file>file:/home/harshit/Downloads/20160130_FileEncoderApplication.v1.1/_source/FileEncoderApplication/src/com/hotmail/frojasg1/applications/fileencoderapplication/FileJInternalFrame.java</file>
            <file>file:/home/harshit/Downloads/20160130_FileEncoderApplication.v1.1/_source/FileEncoderApplication/src/com/hotmail/frojasg1/applications/fileencoderapplication/MainWindow.java</file>
        </group>
    </open-files>
</project-private>
